{"cameraMode":{"drawMode":0,"name":"Shaded","section":"Shading Mode"},"sceneLighting":false,"audioPlay":false,"sceneViewState":{"m_AlwaysRefresh":false,"showFog":true,"showSkybox":false,"showFlares":true,"showImageEffects":true,"showParticleSystems":true,"showVisualEffectGraphs":true,"m_FxEnabled":true},"in2DMode":false,"pivot":{"x":-0.008306026458740235,"y":0.6215313673019409,"z":-6.748906135559082},"rotation":{"x":0.5740072727203369,"y":0.003684796392917633,"z":-0.002583053195849061,"w":0.8188381791114807},"size":7.6926140785217289,"orthographic":true}