{"cameraMode":{"drawMode":0,"name":"Shaded","section":"Shading Mode"},"sceneLighting":false,"audioPlay":false,"sceneViewState":{"m_AlwaysRefresh":false,"showFog":true,"showSkybox":false,"showFlares":true,"showImageEffects":true,"showParticleSystems":true,"showVisualEffectGraphs":true,"m_FxEnabled":true},"in2DMode":false,"pivot":{"x":-0.008306026458740235,"y":0.6215313673019409,"z":-6.748906135559082},"rotation":{"x":0.22872169315814973,"y":0.20922495424747468,"z":-0.050388164818286899,"w":0.9494233131408691},"size":7.6926140785217289,"orthographic":false}