{"cameraMode":{"drawMode":0,"name":"Shaded","section":"Shading Mode"},"sceneLighting":true,"audioPlay":false,"sceneViewState":{"m_AlwaysRefresh":false,"showFog":true,"showSkybox":true,"showFlares":true,"showImageEffects":true,"showParticleSystems":true,"showVisualEffectGraphs":true,"m_FxEnabled":true},"in2DMode":false,"pivot":{"x":-0.09262895584106446,"y":3.8984293937683107,"z":5.9646453857421879},"rotation":{"x":0.4076347351074219,"y":0.07056764513254166,"z":-0.031610194593667987,"w":0.9098782539367676},"size":27.512849807739259,"orthographic":false}