{"cameraMode":{"drawMode":0,"name":"Shaded","section":"Shading Mode"},"sceneLighting":true,"audioPlay":false,"sceneViewState":{"m_AlwaysRefresh":false,"showFog":true,"showSkybox":true,"showFlares":true,"showImageEffects":true,"showParticleSystems":true,"showVisualEffectGraphs":true,"m_FxEnabled":true},"in2DMode":false,"pivot":{"x":0.21244975924491883,"y":23.181358337402345,"z":231.0969696044922},"rotation":{"x":0.15916197001934052,"y":-0.02665223740041256,"z":0.0043007791973650459,"w":0.9868962168693543},"size":89.23577117919922,"orthographic":true}