{"cameraMode":{"drawMode":0,"name":"Shaded","section":"Shading Mode"},"sceneLighting":true,"audioPlay":false,"sceneViewState":{"m_AlwaysRefresh":false,"showFog":true,"showSkybox":true,"showFlares":true,"showImageEffects":true,"showParticleSystems":true,"showVisualEffectGraphs":true,"m_FxEnabled":true},"in2DMode":false,"pivot":{"x":1.5000004768371583,"y":0.5443475842475891,"z":201.60000610351563},"rotation":{"x":0.4644341766834259,"y":0.5339801907539368,"z":-0.4706067740917206,"w":0.5269756317138672},"size":52.139122009277347,"orthographic":true}